<?xml version="1.0" encoding="UTF-8" standalone="yes"?>
<office:document-content xmlns:anim="urn:oasis:names:tc:opendocument:xmlns:animation:1.0" xmlns:chart="urn:oasis:names:tc:opendocument:xmlns:chart:1.0" xmlns:config="urn:oasis:names:tc:opendocument:xmlns:config:1.0" xmlns:db="urn:oasis:names:tc:opendocument:xmlns:database:1.0" xmlns:dc="http://purl.org/dc/elements/1.1/" xmlns:dr3d="urn:oasis:names:tc:opendocument:xmlns:dr3d:1.0" xmlns:draw="urn:oasis:names:tc:opendocument:xmlns:drawing:1.0" xmlns:fo="urn:oasis:names:tc:opendocument:xmlns:xsl-fo-compatible:1.0" xmlns:form="urn:oasis:names:tc:opendocument:xmlns:form:1.0" xmlns:grddl="http://www.w3.org/2003/g/data-view#" xmlns:math="http://www.w3.org/1998/Math/MathML" xmlns:meta="urn:oasis:names:tc:opendocument:xmlns:meta:1.0" xmlns:number="urn:oasis:names:tc:opendocument:xmlns:datastyle:1.0" xmlns:office="urn:oasis:names:tc:opendocument:xmlns:office:1.0" xmlns:presentation="urn:oasis:names:tc:opendocument:xmlns:presentation:1.0" xmlns:script="urn:oasis:names:tc:opendocument:xmlns:script:1.0" xmlns:smil="urn:oasis:names:tc:opendocument:xmlns:smil-compatible:1.0" xmlns:style="urn:oasis:names:tc:opendocument:xmlns:style:1.0" xmlns:svg="urn:oasis:names:tc:opendocument:xmlns:svg-compatible:1.0" xmlns:table="urn:oasis:names:tc:opendocument:xmlns:table:1.0" xmlns:text="urn:oasis:names:tc:opendocument:xmlns:text:1.0" xmlns:xforms="http://www.w3.org/2002/xforms" xmlns:xhtml="http://www.w3.org/1999/xhtml" xmlns:xlink="http://www.w3.org/1999/xlink" office:version="1.2"><office:font-face-decls><style:font-face style:name="Calibri" svg:font-family="Calibri" style:font-family-generic="swiss" style:font-pitch="variable" svg:panose-1="2 15 5 2 2 2 4 3 2 4"/><style:font-face style:name="Times New Roman" svg:font-family="Times New Roman" style:font-family-generic="roman" style:font-pitch="variable" svg:panose-1="2 2 6 3 5 4 5 2 3 4"/><style:font-face style:name="Cambria" svg:font-family="Cambria" style:font-family-generic="roman" style:font-pitch="variable" svg:panose-1="2 4 5 3 5 4 6 3 2 4"/><style:font-face style:name="Consolas" svg:font-family="Consolas" style:font-family-generic="modern" style:font-pitch="fixed" svg:panose-1="2 11 6 9 2 2 4 3 2 4"/><style:font-face style:name="Tahoma" svg:font-family="Tahoma" style:font-family-generic="swiss" style:font-pitch="variable" svg:panose-1="2 11 6 4 3 5 4 4 2 4"/><style:font-face style:name="Cordia New" svg:font-family="Cordia New" style:font-family-generic="swiss" style:font-pitch="variable" svg:panose-1="2 11 3 4 2 2 2 2 2 4"/><style:font-face style:name="Segoe UI" svg:font-family="Segoe UI" style:font-family-generic="swiss" style:font-pitch="variable" svg:panose-1="2 11 5 2 4 2 4 2 2 3"/><style:font-face style:name="Symbol" style:font-charset="x-symbol" svg:font-family="Symbol" style:font-family-generic="roman" style:font-pitch="variable" svg:panose-1="5 5 1 2 1 7 6 2 5 7"/><style:font-face style:name="Courier New" svg:font-family="Courier New" style:font-family-generic="modern" style:font-pitch="fixed" svg:panose-1="2 7 3 9 2 2 5 2 4 4"/><style:font-face style:name="Wingdings" style:font-charset="x-symbol" svg:font-family="Wingdings" style:font-family-generic="system" style:font-pitch="variable" svg:panose-1="5 0 0 0 0 0 0 0 0 0"/><style:font-face style:name="Calibri Light" svg:font-family="Calibri Light" style:font-family-generic="swiss" style:font-pitch="variable" svg:panose-1="2 15 3 2 2 2 4 3 2 4"/></office:font-face-decls><office:automatic-styles><text:list-style style:name="LFO4"><text:list-level-style-bullet text:level="1" text:style-name="WW_CharLFO4LVL1" text:bullet-char=""><style:list-level-properties text:space-before="0.25in" text:min-label-width="0.25in" text:list-level-position-and-space-mode="label-alignment"><style:list-level-label-alignment text:label-followed-by="listtab" fo:margin-left="0.5in" fo:text-indent="-0.25in"/></style:list-level-properties><style:text-properties style:font-name="Symbol"/></text:list-level-style-bullet><text:list-level-style-bullet text:level="2" text:style-name="WW_CharLFO4LVL2" text:bullet-char="o"><style:list-level-properties text:space-before="0.75in" text:min-label-width="0.25in" text:list-level-position-and-space-mode="label-alignment"><style:list-level-label-alignment text:label-followed-by="listtab" fo:margin-left="1in" fo:text-indent="-0.25in"/></style:list-level-properties><style:text-properties style:font-name="Courier New"/></text:list-level-style-bullet><text:list-level-style-bullet text:level="3" text:style-name="WW_CharLFO4LVL3" text:bullet-char=""><style:list-level-properties text:space-before="1.25in" text:min-label-width="0.25in" text:list-level-position-and-space-mode="label-alignment"><style:list-level-label-alignment text:label-followed-by="listtab" fo:margin-left="1.5in" fo:text-indent="-0.25in"/></style:list-level-properties><style:text-properties style:font-name="Wingdings"/></text:list-level-style-bullet><text:list-level-style-bullet text:level="4" text:style-name="WW_CharLFO4LVL4" text:bullet-char=""><style:list-level-properties text:space-before="1.75in" text:min-label-width="0.25in" text:list-level-position-and-space-mode="label-alignment"><style:list-level-label-alignment text:label-followed-by="listtab" fo:margin-left="2in" fo:text-indent="-0.25in"/></style:list-level-properties><style:text-properties style:font-name="Symbol"/></text:list-level-style-bullet><text:list-level-style-bullet text:level="5" text:style-name="WW_CharLFO4LVL5" text:bullet-char="o"><style:list-level-properties text:space-before="2.25in" text:min-label-width="0.25in" text:list-level-position-and-space-mode="label-alignment"><style:list-level-label-alignment text:label-followed-by="listtab" fo:margin-left="2.5in" fo:text-indent="-0.25in"/></style:list-level-properties><style:text-properties style:font-name="Courier New"/></text:list-level-style-bullet><text:list-level-style-bullet text:level="6" text:style-name="WW_CharLFO4LVL6" text:bullet-char=""><style:list-level-properties text:space-before="2.75in" text:min-label-width="0.25in" text:list-level-position-and-space-mode="label-alignment"><style:list-level-label-alignment text:label-followed-by="listtab" fo:margin-left="3in" fo:text-indent="-0.25in"/></style:list-level-properties><style:text-properties style:font-name="Wingdings"/></text:list-level-style-bullet><text:list-level-style-bullet text:level="7" text:style-name="WW_CharLFO4LVL7" text:bullet-char=""><style:list-level-properties text:space-before="3.25in" text:min-label-width="0.25in" text:list-level-position-and-space-mode="label-alignment"><style:list-level-label-alignment text:label-followed-by="listtab" fo:margin-left="3.5in" fo:text-indent="-0.25in"/></style:list-level-properties><style:text-properties style:font-name="Symbol"/></text:list-level-style-bullet><text:list-level-style-bullet text:level="8" text:style-name="WW_CharLFO4LVL8" text:bullet-char="o"><style:list-level-properties text:space-before="3.75in" text:min-label-width="0.25in" text:list-level-position-and-space-mode="label-alignment"><style:list-level-label-alignment text:label-followed-by="listtab" fo:margin-left="4in" fo:text-indent="-0.25in"/></style:list-level-properties><style:text-properties style:font-name="Courier New"/></text:list-level-style-bullet><text:list-level-style-bullet text:level="9" text:style-name="WW_CharLFO4LVL9" text:bullet-char=""><style:list-level-properties text:space-before="4.25in" text:min-label-width="0.25in" text:list-level-position-and-space-mode="label-alignment"><style:list-level-label-alignment text:label-followed-by="listtab" fo:margin-left="4.5in" fo:text-indent="-0.25in"/></style:list-level-properties><style:text-properties style:font-name="Wingdings"/></text:list-level-style-bullet></text:list-style><text:list-style style:name="LFO5"><text:list-level-style-number text:level="1" style:num-suffix="." style:num-format="1"><style:list-level-properties text:space-before="0.25in" text:min-label-width="0.25in" text:list-level-position-and-space-mode="label-alignment"><style:list-level-label-alignment text:label-followed-by="listtab" fo:margin-left="0.5in" fo:text-indent="-0.25in"/></style:list-level-properties></text:list-level-style-number><text:list-level-style-number text:level="2" style:num-suffix="." style:num-format="a" style:num-letter-sync="true"><style:list-level-properties text:space-before="0.75in" text:min-label-width="0.25in" text:list-level-position-and-space-mode="label-alignment"><style:list-level-label-alignment text:label-followed-by="listtab" fo:margin-left="1in" fo:text-indent="-0.25in"/></style:list-level-properties></text:list-level-style-number><text:list-level-style-number text:level="3" style:num-suffix="." style:num-format="i"><style:list-level-properties fo:text-align="end" text:space-before="1.375in" text:min-label-width="0.125in" text:list-level-position-and-space-mode="label-alignment"><style:list-level-label-alignment text:label-followed-by="listtab" fo:margin-left="1.5in" fo:text-indent="-0.125in"/></style:list-level-properties></text:list-level-style-number><text:list-level-style-number text:level="4" style:num-suffix="." style:num-format="1"><style:list-level-properties text:space-before="1.75in" text:min-label-width="0.25in" text:list-level-position-and-space-mode="label-alignment"><style:list-level-label-alignment text:label-followed-by="listtab" fo:margin-left="2in" fo:text-indent="-0.25in"/></style:list-level-properties></text:list-level-style-number><text:list-level-style-number text:level="5" style:num-suffix="." style:num-format="a" style:num-letter-sync="true"><style:list-level-properties text:space-before="2.25in" text:min-label-width="0.25in" text:list-level-position-and-space-mode="label-alignment"><style:list-level-label-alignment text:label-followed-by="listtab" fo:margin-left="2.5in" fo:text-indent="-0.25in"/></style:list-level-properties></text:list-level-style-number><text:list-level-style-number text:level="6" style:num-suffix="." style:num-format="i"><style:list-level-properties fo:text-align="end" text:space-before="2.875in" text:min-label-width="0.125in" text:list-level-position-and-space-mode="label-alignment"><style:list-level-label-alignment text:label-followed-by="listtab" fo:margin-left="3in" fo:text-indent="-0.125in"/></style:list-level-properties></text:list-level-style-number><text:list-level-style-number text:level="7" style:num-suffix="." style:num-format="1"><style:list-level-properties text:space-before="3.25in" text:min-label-width="0.25in" text:list-level-position-and-space-mode="label-alignment"><style:list-level-label-alignment text:label-followed-by="listtab" fo:margin-left="3.5in" fo:text-indent="-0.25in"/></style:list-level-properties></text:list-level-style-number><text:list-level-style-number text:level="8" style:num-suffix="." style:num-format="a" style:num-letter-sync="true"><style:list-level-properties text:space-before="3.75in" text:min-label-width="0.25in" text:list-level-position-and-space-mode="label-alignment"><style:list-level-label-alignment text:label-followed-by="listtab" fo:margin-left="4in" fo:text-indent="-0.25in"/></style:list-level-properties></text:list-level-style-number><text:list-level-style-number text:level="9" style:num-suffix="." style:num-format="i"><style:list-level-properties fo:text-align="end" text:space-before="4.375in" text:min-label-width="0.125in" text:list-level-position-and-space-mode="label-alignment"><style:list-level-label-alignment text:label-followed-by="listtab" fo:margin-left="4.5in" fo:text-indent="-0.125in"/></style:list-level-properties></text:list-level-style-number></text:list-style><text:list-style style:name="LFO6"><text:list-level-style-bullet text:level="1" text:style-name="WW_CharLFO6LVL1" text:bullet-char=""><style:list-level-properties text:space-before="0.25in" text:min-label-width="0.25in" text:list-level-position-and-space-mode="label-alignment"><style:list-level-label-alignment text:label-followed-by="listtab" fo:margin-left="0.5in" fo:text-indent="-0.25in"/></style:list-level-properties><style:text-properties style:font-name="Symbol"/></text:list-level-style-bullet><text:list-level-style-bullet text:level="2" text:style-name="WW_CharLFO6LVL2" text:bullet-char=""><style:list-level-properties text:space-before="0.75in" text:min-label-width="0.25in" text:list-level-position-and-space-mode="label-alignment"><style:list-level-label-alignment text:label-followed-by="listtab" fo:margin-left="1in" fo:text-indent="-0.25in"/></style:list-level-properties><style:text-properties style:font-name="Symbol"/></text:list-level-style-bullet><text:list-level-style-bullet text:level="3" text:style-name="WW_CharLFO6LVL3" text:bullet-char=""><style:list-level-properties text:space-before="1.25in" text:min-label-width="0.25in" text:list-level-position-and-space-mode="label-alignment"><style:list-level-label-alignment text:label-followed-by="listtab" fo:margin-left="1.5in" fo:text-indent="-0.25in"/></style:list-level-properties><style:text-properties style:font-name="Symbol"/></text:list-level-style-bullet><text:list-level-style-bullet text:level="4" text:style-name="WW_CharLFO6LVL4" text:bullet-char=""><style:list-level-properties text:space-before="1.75in" text:min-label-width="0.25in" text:list-level-position-and-space-mode="label-alignment"><style:list-level-label-alignment text:label-followed-by="listtab" fo:margin-left="2in" fo:text-indent="-0.25in"/></style:list-level-properties><style:text-properties style:font-name="Symbol"/></text:list-level-style-bullet><text:list-level-style-bullet text:level="5" text:style-name="WW_CharLFO6LVL5" text:bullet-char=""><style:list-level-properties text:space-before="2.25in" text:min-label-width="0.25in" text:list-level-position-and-space-mode="label-alignment"><style:list-level-label-alignment text:label-followed-by="listtab" fo:margin-left="2.5in" fo:text-indent="-0.25in"/></style:list-level-properties><style:text-properties style:font-name="Symbol"/></text:list-level-style-bullet><text:list-level-style-bullet text:level="6" text:style-name="WW_CharLFO6LVL6" text:bullet-char=""><style:list-level-properties text:space-before="2.75in" text:min-label-width="0.25in" text:list-level-position-and-space-mode="label-alignment"><style:list-level-label-alignment text:label-followed-by="listtab" fo:margin-left="3in" fo:text-indent="-0.25in"/></style:list-level-properties><style:text-properties style:font-name="Symbol"/></text:list-level-style-bullet><text:list-level-style-bullet text:level="7" text:style-name="WW_CharLFO6LVL7" text:bullet-char=""><style:list-level-properties text:space-before="3.25in" text:min-label-width="0.25in" text:list-level-position-and-space-mode="label-alignment"><style:list-level-label-alignment text:label-followed-by="listtab" fo:margin-left="3.5in" fo:text-indent="-0.25in"/></style:list-level-properties><style:text-properties style:font-name="Symbol"/></text:list-level-style-bullet><text:list-level-style-bullet text:level="8" text:style-name="WW_CharLFO6LVL8" text:bullet-char=""><style:list-level-properties text:space-before="3.75in" text:min-label-width="0.25in" text:list-level-position-and-space-mode="label-alignment"><style:list-level-label-alignment text:label-followed-by="listtab" fo:margin-left="4in" fo:text-indent="-0.25in"/></style:list-level-properties><style:text-properties style:font-name="Symbol"/></text:list-level-style-bullet><text:list-level-style-bullet text:level="9" text:style-name="WW_CharLFO6LVL9" text:bullet-char=""><style:list-level-properties text:space-before="4.25in" text:min-label-width="0.25in" text:list-level-position-and-space-mode="label-alignment"><style:list-level-label-alignment text:label-followed-by="listtab" fo:margin-left="4.5in" fo:text-indent="-0.25in"/></style:list-level-properties><style:text-properties style:font-name="Symbol"/></text:list-level-style-bullet></text:list-style><text:list-style style:name="LFO7"><text:list-level-style-bullet text:level="1" text:style-name="WW_CharLFO7LVL1" text:bullet-char=""><style:list-level-properties text:space-before="0.25in" text:min-label-width="0.25in" text:list-level-position-and-space-mode="label-alignment"><style:list-level-label-alignment text:label-followed-by="listtab" fo:margin-left="0.5in" fo:text-indent="-0.25in"/></style:list-level-properties><style:text-properties style:font-name="Symbol"/></text:list-level-style-bullet><text:list-level-style-bullet text:level="2" text:style-name="WW_CharLFO7LVL2" text:bullet-char="o"><style:list-level-properties text:space-before="0.75in" text:min-label-width="0.25in" text:list-level-position-and-space-mode="label-alignment"><style:list-level-label-alignment text:label-followed-by="listtab" fo:margin-left="1in" fo:text-indent="-0.25in"/></style:list-level-properties><style:text-properties style:font-name="Courier New"/></text:list-level-style-bullet><text:list-level-style-bullet text:level="3" text:style-name="WW_CharLFO7LVL3" text:bullet-char=""><style:list-level-properties text:space-before="1.25in" text:min-label-width="0.25in" text:list-level-position-and-space-mode="label-alignment"><style:list-level-label-alignment text:label-followed-by="listtab" fo:margin-left="1.5in" fo:text-indent="-0.25in"/></style:list-level-properties><style:text-properties style:font-name="Wingdings"/></text:list-level-style-bullet><text:list-level-style-bullet text:level="4" text:style-name="WW_CharLFO7LVL4" text:bullet-char=""><style:list-level-properties text:space-before="1.75in" text:min-label-width="0.25in" text:list-level-position-and-space-mode="label-alignment"><style:list-level-label-alignment text:label-followed-by="listtab" fo:margin-left="2in" fo:text-indent="-0.25in"/></style:list-level-properties><style:text-properties style:font-name="Symbol"/></text:list-level-style-bullet><text:list-level-style-bullet text:level="5" text:style-name="WW_CharLFO7LVL5" text:bullet-char="o"><style:list-level-properties text:space-before="2.25in" text:min-label-width="0.25in" text:list-level-position-and-space-mode="label-alignment"><style:list-level-label-alignment text:label-followed-by="listtab" fo:margin-left="2.5in" fo:text-indent="-0.25in"/></style:list-level-properties><style:text-properties style:font-name="Courier New"/></text:list-level-style-bullet><text:list-level-style-bullet text:level="6" text:style-name="WW_CharLFO7LVL6" text:bullet-char=""><style:list-level-properties text:space-before="2.75in" text:min-label-width="0.25in" text:list-level-position-and-space-mode="label-alignment"><style:list-level-label-alignment text:label-followed-by="listtab" fo:margin-left="3in" fo:text-indent="-0.25in"/></style:list-level-properties><style:text-properties style:font-name="Wingdings"/></text:list-level-style-bullet><text:list-level-style-bullet text:level="7" text:style-name="WW_CharLFO7LVL7" text:bullet-char=""><style:list-level-properties text:space-before="3.25in" text:min-label-width="0.25in" text:list-level-position-and-space-mode="label-alignment"><style:list-level-label-alignment text:label-followed-by="listtab" fo:margin-left="3.5in" fo:text-indent="-0.25in"/></style:list-level-properties><style:text-properties style:font-name="Symbol"/></text:list-level-style-bullet><text:list-level-style-bullet text:level="8" text:style-name="WW_CharLFO7LVL8" text:bullet-char="o"><style:list-level-properties text:space-before="3.75in" text:min-label-width="0.25in" text:list-level-position-and-space-mode="label-alignment"><style:list-level-label-alignment text:label-followed-by="listtab" fo:margin-left="4in" fo:text-indent="-0.25in"/></style:list-level-properties><style:text-properties style:font-name="Courier New"/></text:list-level-style-bullet><text:list-level-style-bullet text:level="9" text:style-name="WW_CharLFO7LVL9" text:bullet-char=""><style:list-level-properties text:space-before="4.25in" text:min-label-width="0.25in" text:list-level-position-and-space-mode="label-alignment"><style:list-level-label-alignment text:label-followed-by="listtab" fo:margin-left="4.5in" fo:text-indent="-0.25in"/></style:list-level-properties><style:text-properties style:font-name="Wingdings"/></text:list-level-style-bullet></text:list-style><text:list-style style:name="LFO8"><text:list-level-style-bullet text:level="1" text:style-name="WW_CharLFO8LVL1" text:bullet-char=""><style:list-level-properties text:space-before="0.25in" text:min-label-width="0.25in" text:list-level-position-and-space-mode="label-alignment"><style:list-level-label-alignment text:label-followed-by="listtab" fo:margin-left="0.5in" fo:text-indent="-0.25in"/></style:list-level-properties><style:text-properties style:font-name="Symbol"/></text:list-level-style-bullet><text:list-level-style-bullet text:level="2" text:style-name="WW_CharLFO8LVL2" text:bullet-char="o"><style:list-level-properties text:space-before="0.75in" text:min-label-width="0.25in" text:list-level-position-and-space-mode="label-alignment"><style:list-level-label-alignment text:label-followed-by="listtab" fo:margin-left="1in" fo:text-indent="-0.25in"/></style:list-level-properties><style:text-properties style:font-name="Courier New"/></text:list-level-style-bullet><text:list-level-style-bullet text:level="3" text:style-name="WW_CharLFO8LVL3" text:bullet-char=""><style:list-level-properties text:space-before="1.25in" text:min-label-width="0.25in" text:list-level-position-and-space-mode="label-alignment"><style:list-level-label-alignment text:label-followed-by="listtab" fo:margin-left="1.5in" fo:text-indent="-0.25in"/></style:list-level-properties><style:text-properties style:font-name="Wingdings"/></text:list-level-style-bullet><text:list-level-style-bullet text:level="4" text:style-name="WW_CharLFO8LVL4" text:bullet-char=""><style:list-level-properties text:space-before="1.75in" text:min-label-width="0.25in" text:list-level-position-and-space-mode="label-alignment"><style:list-level-label-alignment text:label-followed-by="listtab" fo:margin-left="2in" fo:text-indent="-0.25in"/></style:list-level-properties><style:text-properties style:font-name="Symbol"/></text:list-level-style-bullet><text:list-level-style-bullet text:level="5" text:style-name="WW_CharLFO8LVL5" text:bullet-char="o"><style:list-level-properties text:space-before="2.25in" text:min-label-width="0.25in" text:list-level-position-and-space-mode="label-alignment"><style:list-level-label-alignment text:label-followed-by="listtab" fo:margin-left="2.5in" fo:text-indent="-0.25in"/></style:list-level-properties><style:text-properties style:font-name="Courier New"/></text:list-level-style-bullet><text:list-level-style-bullet text:level="6" text:style-name="WW_CharLFO8LVL6" text:bullet-char=""><style:list-level-properties text:space-before="2.75in" text:min-label-width="0.25in" text:list-level-position-and-space-mode="label-alignment"><style:list-level-label-alignment text:label-followed-by="listtab" fo:margin-left="3in" fo:text-indent="-0.25in"/></style:list-level-properties><style:text-properties style:font-name="Wingdings"/></text:list-level-style-bullet><text:list-level-style-bullet text:level="7" text:style-name="WW_CharLFO8LVL7" text:bullet-char=""><style:list-level-properties text:space-before="3.25in" text:min-label-width="0.25in" text:list-level-position-and-space-mode="label-alignment"><style:list-level-label-alignment text:label-followed-by="listtab" fo:margin-left="3.5in" fo:text-indent="-0.25in"/></style:list-level-properties><style:text-properties style:font-name="Symbol"/></text:list-level-style-bullet><text:list-level-style-bullet text:level="8" text:style-name="WW_CharLFO8LVL8" text:bullet-char="o"><style:list-level-properties text:space-before="3.75in" text:min-label-width="0.25in" text:list-level-position-and-space-mode="label-alignment"><style:list-level-label-alignment text:label-followed-by="listtab" fo:margin-left="4in" fo:text-indent="-0.25in"/></style:list-level-properties><style:text-properties style:font-name="Courier New"/></text:list-level-style-bullet><text:list-level-style-bullet text:level="9" text:style-name="WW_CharLFO8LVL9" text:bullet-char=""><style:list-level-properties text:space-before="4.25in" text:min-label-width="0.25in" text:list-level-position-and-space-mode="label-alignment"><style:list-level-label-alignment text:label-followed-by="listtab" fo:margin-left="4.5in" fo:text-indent="-0.25in"/></style:list-level-properties><style:text-properties style:font-name="Wingdings"/></text:list-level-style-bullet></text:list-style><style:style style:name="P1" style:parent-style-name="Titre" style:master-page-name="MP0" style:family="paragraph"><style:paragraph-properties fo:break-before="page" fo:text-align="center"/></style:style><style:style style:name="P2" style:parent-style-name="En-têtedetabledesmatières" style:family="paragraph"><style:paragraph-properties fo:margin-left="0.3in" fo:text-indent="-0.3in"><style:tab-stops/></style:paragraph-properties></style:style><style:style style:name="P3" style:parent-style-name="TM1" style:family="paragraph"><style:paragraph-properties><style:tab-stops><style:tab-stop style:type="left" style:position="0.3055in"/><style:tab-stop style:type="right" style:leader-style="dotted" style:leader-text="." style:position="6.293in"/></style:tab-stops></style:paragraph-properties></style:style><style:style style:name="T4" style:parent-style-name="Policepardéfaut" style:family="text"><style:text-properties style:font-name="Calibri" style:font-name-asian="Times New Roman" style:font-name-complex="Times New Roman" style:language-asian="fr" style:country-asian="FR"/></style:style><style:style style:name="P5" style:parent-style-name="TM2" style:family="paragraph"><style:paragraph-properties><style:tab-stops><style:tab-stop style:type="left" style:position="0.4583in"/><style:tab-stop style:type="right" style:leader-style="dotted" style:leader-text="." style:position="6.1402in"/></style:tab-stops></style:paragraph-properties></style:style><style:style style:name="T6" style:parent-style-name="Policepardéfaut" style:family="text"><style:text-properties style:font-name="Calibri" style:font-name-asian="Times New Roman" style:font-name-complex="Times New Roman" style:language-asian="fr" style:country-asian="FR"/></style:style><style:style style:name="P7" style:parent-style-name="Normal" style:family="paragraph"><style:paragraph-properties fo:break-before="page"/></style:style><style:style style:name="P8" style:parent-style-name="Normal" style:family="paragraph"><style:paragraph-properties fo:margin-top="0.0694in" fo:margin-bottom="0.0694in" fo:line-height="100%"/><style:text-properties style:font-name-asian="Times New Roman" style:language-asian="fr" style:country-asian="FR"/></style:style><style:style style:name="P9" style:parent-style-name="Normal" style:family="paragraph"><style:paragraph-properties fo:margin-top="0.0694in" fo:margin-bottom="0.0694in" fo:line-height="100%"/><style:text-properties style:font-name-asian="Times New Roman" style:language-asian="fr" style:country-asian="FR"/></style:style><style:style style:name="P10" style:parent-style-name="Normal" style:family="paragraph"><style:paragraph-properties fo:margin-top="0.0694in" fo:margin-bottom="0.0694in" fo:line-height="100%"/><style:text-properties style:font-name-asian="Times New Roman" style:language-asian="fr" style:country-asian="FR"/></style:style><style:style style:name="P11" style:parent-style-name="Normal" style:family="paragraph"><style:paragraph-properties fo:margin-top="0.0694in" fo:margin-bottom="0.0694in" fo:line-height="100%"/></style:style><style:style style:name="T12" style:parent-style-name="Policepardéfaut" style:family="text"><style:text-properties style:font-name-asian="Times New Roman" style:language-asian="fr" style:country-asian="FR"/></style:style></office:automatic-styles><office:body><office:text text:use-soft-page-breaks="true"><text:p text:style-name="P1">Exercices XML</text:p><text:p text:style-name="Normal"/><text:p text:style-name="Normal"/><text:p text:style-name="P2">Table des matières</text:p><text:table-of-content text:name="_TOC0"><text:table-of-content-source text:outline-level="3" text:use-outline-level="true" text:use-index-marks="false" text:use-index-source-styles="false" text:index-scope="document"><text:table-of-content-entry-template text:outline-level="1" text:style-name="TM1"><text:index-entry-link-start/><text:index-entry-text/><text:index-entry-tab-stop style:leader-char="." style:type="right"/><text:index-entry-page-number/><text:index-entry-link-end/></text:table-of-content-entry-template><text:table-of-content-entry-template text:outline-level="2" text:style-name="TM2"><text:index-entry-link-start/><text:index-entry-text/><text:index-entry-tab-stop style:leader-char="." style:type="right"/><text:index-entry-page-number/><text:index-entry-link-end/></text:table-of-content-entry-template><text:table-of-content-entry-template text:outline-level="3" text:style-name="Normal"><text:index-entry-link-start/><text:index-entry-text/><text:index-entry-tab-stop style:leader-char="." style:type="right"/><text:index-entry-page-number/><text:index-entry-link-end/></text:table-of-content-entry-template></text:table-of-content-source><text:index-body><text:p text:style-name="P3"><text:a xlink:href="#_Toc32304054" office:target-frame-name="_top" xlink:show="replace"><text:span text:style-name="Lienhypertexte">1</text:span><text:span text:style-name="T4"><text:tab/></text:span><text:span text:style-name="Lienhypertexte">XML</text:span><text:tab/>2</text:a></text:p><text:p text:style-name="P5"><text:a xlink:href="#_Toc32304055" office:target-frame-name="_top" xlink:show="replace"><text:span text:style-name="Lienhypertexte">1.1</text:span><text:span text:style-name="T6"><text:tab/></text:span><text:span text:style-name="Lienhypertexte">Ecriture manuelle de fichiers xml</text:span><text:tab/>2</text:a></text:p></text:index-body></text:table-of-content><text:p text:style-name="Normal"/><text:p text:style-name="Normal"/><text:p text:style-name="P7"/><text:h text:style-name="Titre1" text:outline-level="1"><text:bookmark-start text:name="_Toc32265371"/><text:bookmark-start text:name="_Toc32303911"/><text:bookmark-start text:name="_Toc32304054"/>XML<text:bookmark-end text:name="_Toc32265371"/><text:bookmark-end text:name="_Toc32303911"/><text:bookmark-end text:name="_Toc32304054"/></text:h><text:h text:style-name="Titre2" text:outline-level="2"><text:bookmark-start text:name="_Toc32265372"/><text:bookmark-start text:name="_Toc32303912"/><text:bookmark-start text:name="_Toc32304055"/>Ecriture manuelle de fichiers xml<text:bookmark-end text:name="_Toc32265372"/><text:bookmark-end text:name="_Toc32303912"/><text:bookmark-end text:name="_Toc32304055"/></text:h><text:p text:style-name="P8">Dans Notepad++, écrire un petit fichier xml qui représente les clients, commandes et lignes de commandes du modèle Northwind.</text:p><text:p text:style-name="P9">L’arborescence du fichier doit refléter correctement les relations entre ces 3 concepts.</text:p><text:p text:style-name="P10">Le fichier contiendra simplement 2 clients avec 2 commandes chacun. Vous pouvez représenter des données fictives ou reprendre des données issues de la base. Le<text:s/>plus important est de structurer correctement le fichier.</text:p><text:p text:style-name="P11"><text:span text:style-name="T12">Créer un autre fichier représentant les employés, territoires et associations entre les deux.</text:span></text:p></office:text></office:body></office:document-content>