<?xml version="1.0" encoding="UTF-8" standalone="yes"?>
<office:document-meta xmlns:office="urn:oasis:names:tc:opendocument:xmlns:office:1.0" xmlns:meta="urn:oasis:names:tc:opendocument:xmlns:meta:1.0" xmlns:dc="http://purl.org/dc/elements/1.1/" xmlns:xlink="http://www.w3.org/1999/xlink" office:version="1.2"><office:meta><meta:generator>MicrosoftOffice/15.0 MicrosoftWord</meta:generator><dc:title></dc:title><dc:description></dc:description><dc:subject></dc:subject><meta:initial-creator>Cyril Seguenot</meta:initial-creator><dc:creator>Adminl</dc:creator><meta:creation-date>2020-02-10T20:56:00Z</meta:creation-date><dc:date>2020-02-11T08:00:00Z</dc:date><meta:template xlink:href="Normal.dotm" xlink:type="simple"/><meta:editing-cycles>9</meta:editing-cycles><meta:editing-duration>PT5280S</meta:editing-duration><meta:document-statistic meta:page-count="2" meta:paragraph-count="1" meta:word-count="122" meta:character-count="797" meta:row-count="5" meta:non-whitespace-character-count="676"/></office:meta></office:document-meta>